,Infix_Eq,Prefix_Eq,Working,Infix_Sol,Prefix_Sol
0,"(((-1) / x) * x) = -2x
",(= (* (/ (-1) (x)) (x)) (* (-2) (x))),True,x = 1/2,(= (x) (/ (1) (2)))
1,"((-1) + 2x) = (3x + (-4))
",(= (+ (-1) (* (2) (x))) (+ (* (3) (x)) (-4))),True,x = 3,(= (x) (3))
2,"(-1)=(3x+(-4))
",(= (-1) (+ (* (3) (x)) (-4))),True,x = 1,(= (x) (1))
3,"(-1x + (-2)) = (-3x + (-4))
",(= (+ (* (-1) (x)) (-2)) (+ (* (-3) (x)) (-4))),True,x = -1,(= (x) (-1))
4,"(-1x + 2) = (-3x + 4)
",(= (+ (* (-1) (x)) (2)) (+ (* (-3) (x)) (4))),True,x = 1,(= (x) (1))
5,(-1x+2)=-3x,(= (+ (* (-1) (x)) (2)) (* (-3) (x))),True,x = -1,(= (x) (-1))
6,"(1x - 2) = -3x
",(= (- (* (1) (x)) (2)) (* (-3) (x))),True,x = 1/2,(= (x) (/ (1) (2)))
7,"1x = (((-2) + 3x) + 4)
",(= (* (1) (x)) (+ (+ (-2) (* (3) (x))) (4))),True,x = -1,(= (x) (-1))
8,"1x=((-2)+4)
",(= (* (1) (x)) (+ (-2) (4))),True,x = 2,(= (x) (2))
9,"(((-1) - (2 / x)) * x) = -3x
",(= (* (- (-1) (/ (2) (x))) (x)) (* (-3) (x))),True,x = 1,(= (x) (1))
10,"((-(2/x))*x)=-3x
",(= (* (/ (2) (x)) (x)) (* (-3) (x))),True,x = 2/3,(= (x) (/ (2) (3)))
11,"(-1x / x) = -2x
",(= (/ (* (-1) (x)) (x)) (* (-2) (x))),True,x = 1/2,(= (x) (/ (1) (2)))
12,"(-1x + (-2)) = ((-3) + -4x)
",(= (+ (* (-1) (x)) (-2)) (+ (-3) (* (-4) (x)))),True,x = -1/3,(= (x) (/ (-1) (3)))
13,"(-1x+(-2))=(+-4x)
",(= (+ (* (-1) (x)) (-2)) (+ (* (-4)) (x))),True,x = 2/3,(= (x) (/ (2) (3)))
14,"((-1x - 2) + 3x) = (4x + 5x)
",(= (+ (- (* (-1) (x)) (2)) (* (3) (x))) (+ (* (4) (x)) (* (5) (x)))),True,x = -2/7,(= (x) (/ (-2) (7)))
15,"(1x + (-2)) = ((-3) + 4x)
",(= (+ (* (1) (x)) (-2)) (+ (-3) (* (4) (x)))),True,x = 1/3,(= (x) (/ (1) (3)))
16,"((x - 1) - 2x) = 3x
",(= (- (- (x) (1)) (* (2) (x))) (* (3) (x))),True,x = -1/4,(= (x) (/ (-1) (4)))
17,"(1x - 2x) = (((3 - 4x) - 5) - 6x)
",(= (- (* (1) (x)) (* (2) (x))) (- (- (- (3) (* (4) (x))) (5)) (* (6) (x)))),True,x = -2/9,(= (x) (/ (-2) (9)))
18,"((1 / x) + 2) = (-3)
",(= (+ (/ (1) (x)) (2)) (-3)),True,x = -1/5,(= (x) (/ (-1) (5)))
19,"(1/x)=(-3)
",(= (/ (1) (x)) (-3)),True,x = -1/3,(= (x) (/ (-1) (3)))
20,"(-1) = ((2 / x) + 3)
",(= (-1) (+ (/ (2) (x)) (3))),True,x = -1/2,(= (x) (/ (-1) (2)))
21,"(1x + (-2)) = (-3x + 4)
",(= (+ (* (1) (x)) (-2)) (+ (* (-3) (x)) (4))),True,x = 3/2,(= (x) (/ (3) (2)))
22,"((-1x + 2) - 3) = -4x
",(= (- (+ (* (-1) (x)) (2)) (3)) (* (-4) (x))),True,x = 1/3,(= (x) (/ (1) (3)))
23,"((+2)-3)=-4x
",(= (+ (2) (-3)) (* (-4) (x))),True,x = 1/4,(= (x) (/ (1) (4)))
24,"(-1) = (2 + 3x)
",(= (-1) (+ (2) (* (3) (x)))),True,x = -1,(= (x) (-1))
25,"(1x + (-2)) = (3 + -4x)
",(= (+ (* (1) (x)) (-2)) (+ (3) (* (-4) (x)))),True,x = 1,(= (x) (1))
26,"((-1) / x) = (-2)
",(= (/ (-1) (x)) (-2)),True,x = 1/2,(= (x) (/ (1) (2)))
27,"(1x - 2) = ((-3) - 4x)
",(= (- (* (1) (x)) (2)) (- (-3) (* (4) (x)))),True,x = -1/5,(= (x) (/ (-1) (5)))
28,"-1x = (2x + 3)
",(= (* (-1) (x)) (+ (* (2) (x)) (3))),True,x = -1,(= (x) (-1))
29,"(1 + -2x) = (-3x + (-4))
",(= (+ (1) (* (-2) (x))) (+ (* (-3) (x)) (-4))),True,x = -5,(= (x) (-5))
30,"(1 + -2x) = ((-3) + -4x)
",(= (+ (1) (* (-2) (x))) (+ (-3) (* (-4) (x)))),True,x = -2,(= (x) (-2))
31,"((-1) + (2 / x)) = 3
",(= (+ (-1) (/ (2) (x))) (3)),True,x = 1/2,(= (x) (/ (1) (2)))
32,"(+(2/x))=3
",(= (+ (/ (2)) (x)) (3)),True,x = 2/3,(= (x) (/ (2) (3)))
33,"(1 - (-2)) = (((3 / x) + (-4)) - (-5))
",(= (- (1) (-2)) (- (+ (/ (3) (x)) (-4)) (-5))),True,x = 3/2,(= (x) (/ (3) (2)))
34,"(1 / x) = 2
",(= (/ (1) (x)) (2)),True,x = 1/2,(= (x) (/ (1) (2)))
35,"((-1) + -2x) = (-3x + (-4))
",(= (+ (-1) (* (-2) (x))) (+ (* (-3) (x)) (-4))),True,x = -3,(= (x) (-3))
36,"((-1)+-2x)=(+(-4))
",(= (+ (-1) (* (-2) (x))) (+ (-4))),True,x = 3/2,(= (x) (/ (3) (2)))
37,"((-1x + 2) - 3x) = 4
",(= (- (+ (* (-1) (x)) (2)) (* (3) (x))) (4)),True,x = -1/2,(= (x) (/ (-1) (2)))
38,"((+2)-3x)=4
",(= (* (+ (2) (-3)) (x)) (4)),True,x = -2/3,(= (x) (/ (-2) (3)))
39,"1 = ((-2) + -3x)
",(= (1) (+ (-2) (* (-3) (x)))),True,x = -1,(= (x) (-1))
40,"1=(+-3x)
",(= (1) (+ (* (-3)) (x))),True,x = -1/3,(= (x) (/ (-1) (3)))
41,"((-1) - 2x) = (3x - 4)
",(= (- (-1) (* (2) (x))) (- (* (3) (x)) (4))),True,x = 3/5,(= (x) (/ (3) (5)))
42,"((1x - 2) + 3) = ((4x - 5) + 6)
",(= (+ (- (* (1) (x)) (2)) (3)) (+ (- (* (4) (x)) (5)) (6))),True,x = 0,(= (x) (0))
43,"1 = ((2 - 3x) - 4x)
",(= (1) (- (- (2) (* (3) (x))) (* (4) (x)))),True,x = 1/7,(= (x) (/ (1) (7)))
44,"((1 + 2) * x) = 3
",(= (* (+ (1) (2)) (x)) (3)),True,x = 1,(= (x) (1))
45,"1 = (2 + (3 / x))
",(= (1) (+ (2) (/ (3) (x)))),True,x = -3,(= (x) (-3))
46,"x = (-1x + 2)
",(= (x) (+ (* (-1) (x)) (2))),True,x = 1,(= (x) (1))
47,"x=(+2)
",(= (x) (+ (2))),True,x = 2,(= (x) (2))
48,"1 = (2x + 3)
",(= (1) (+ (* (2) (x)) (3))),True,x = -1,(= (x) (-1))
49,1=2x,(= (1) (* (2) (x))),True,x = 1/2,(= (x) (/ (1) (2)))
50,"(1 + 2x) = (3x + 4)
",(= (+ (1) (* (2) (x))) (+ (* (3) (x)) (4))),True,x = -3,(= (x) (-3))
51,(1+2x)=3x,(= (+ (1) (* (2) (x))) (* (3) (x))),True,x = 1,(= (x) (1))
52,"1 = (((-2) / x) + (-3))
",(= (1) (+ (/ (-2) (x)) (-3))),True,x = -1/2,(= (x) (/ (-1) (2)))
53,"((-1) + -2x) = (-3)
",(= (+ (-1) (* (-2) (x))) (-3)),True,x = 1,(= (x) (1))
54,"(+-2x)=(-3)
",(= (+ (* (-2)) (x)) (-3)),True,x = 3/2,(= (x) (/ (3) (2)))
55,"((-1) + 2x) = (-3x + (-4))
",(= (+ (-1) (* (2) (x))) (+ (* (-3) (x)) (-4))),True,x = -3/5,(= (x) (/ (-3) (5)))
56,"((-1)+2x)=(+(-4))
",(= (+ (-1) (* (2) (x))) (+ (-4))),True,x = -3/2,(= (x) (/ (-3) (2)))
57,"(1x - -2x) = 3
",(= (- (* (1) (x)) (* (-2) (x))) (3)),True,x = 1,(= (x) (1))
58,"((-1) + 2x) = (3x - 4)
",(= (+ (-1) (* (2) (x))) (- (* (3) (x)) (4))),True,x = 3,(= (x) (3))
59,"(1 / x) = (2 + 3)
",(= (/ (1) (x)) (+ (2) (3))),True,x = 1/5,(= (x) (/ (1) (5)))
60,"(-1x + 2) = (3x + (-4))
",(= (+ (* (-1) (x)) (2)) (+ (* (3) (x)) (-4))),True,x = 3/2,(= (x) (/ (3) (2)))
61,"-1x=(3x+(-4))
",(= (* (-1) (x)) (+ (* (3) (x)) (-4))),True,x = 1,(= (x) (1))
62,"((-1) - 2x) = (3 - 4x)
",(= (- (-1) (* (2) (x))) (- (3) (* (4) (x)))),True,x = 2,(= (x) (2))
63,"(1 / 2) = (((-3) + 4x) / 5)
",(= (/ (1) (2)) (/ (+ (-3) (* (4) (x))) (5))),True,x = 11/8,(= (x) (/ (1) (1) (8)))
64,(1/2)=((-3)+4x),(= (/ (1) (2)) (+ (-3) (* (4) (x)))),True,x = 7/8,(= (x) (/ (7) (8)))
65,"1 = -2x
",(= (1) (* (-2) (x))),True,x = -1/2,(= (x) (/ (-1) (2)))
66,"((-1) + -2x) = ((-3) + -4x)
",(= (+ (-1) (* (-2) (x))) (+ (-3) (* (-4) (x)))),True,x = -1,(= (x) (-1))
67,"((-1) + -2x) = (3 + -4x)
",(= (+ (-1) (* (-2) (x))) (+ (3) (* (-4) (x)))),True,x = 2,(= (x) (2))
68,"(((-1) / x) + (-2)) = 3
",(= (+ (/ (-1) (x)) (-2)) (3)),True,x = -1/5,(= (x) (/ (-1) (5)))
69,"1 = ((-2) + (3 / x))
",(= (1) (+ (-2) (/ (3) (x)))),True,x = 1,(= (x) (1))
70,"(1x + 2) = (3 - 4x)
",(= (+ (* (1) (x)) (2)) (- (3) (* (4) (x)))),True,x = 1/5,(= (x) (/ (1) (5)))
71,(1x+2)=3,(= (+ (* (1) (x)) (2)) (3)),True,x = 1,(= (x) (1))
72,"(1 + -2x) = 3
",(= (+ (1) (* (-2) (x))) (3)),True,x = -1,(= (x) (-1))
73,"(((-1) + 2x) + 3x) = ((-4x + (-5)) + 6x)
",(= (+ (+ (-1) (* (2) (x))) (* (3) (x))) (+ (+ (* (-4) (x)) (-5)) (* (6) (x)))),True,x = -4/3,(= (x) (/ (-4) (3)))
74,"((-1)+3x)=((-4x+(-5))+6x)
",(= (+ (-1) (* (3) (x))) (+ (+ (* (-4) (x)) (-5)) (* (6) (x)))),True,x = -4,(= (x) (-4))
75,"1x = (2x + 3)
",(= (* (1) (x)) (+ (* (2) (x)) (3))),True,x = -3,(= (x) (-3))
76,1x=2x,(= (* (1) (x)) (* (2) (x))),True,x = 0,(= (x) (0))
77,"((-1x - 2) + 3) = 4x
",(= (+ (- (* (-1) (x)) (2)) (3)) (* (4) (x))),True,x = 1/5,(= (x) (/ (1) (5)))
78,"(-1x+3)=4x
",(= (+ (* (-1) (x)) (3)) (* (4) (x))),True,x = 3/5,(= (x) (/ (3) (5)))
79,"(-1) = (2 + ((-3) / x))
",(= (-1) (+ (2) (/ (-3) (x)))),True,x = 1,(= (x) (1))
80,"(1x + (-2)) = (-3x + (-4))
",(= (+ (* (1) (x)) (-2)) (+ (* (-3) (x)) (-4))),True,x = -1/2,(= (x) (/ (-1) (2)))
81,"(-1x + (-2)) = (-3)
",(= (+ (* (-1) (x)) (-2)) (-3)),True,x = 1,(= (x) (1))
82,"(-1x - 2) = (3 + 4x)
",(= (- (* (-1) (x)) (2)) (+ (3) (* (4) (x)))),True,x = -1,(= (x) (-1))
83,"(-1x + 2) = (-3)
",(= (+ (* (-1) (x)) (2)) (-3)),True,x = 5,(= (x) (5))
84,"-1x=(-3)
",(= (* (-1) (x)) (-3)),True,x = 3,(= (x) (3))
85,"((-1) + 2x) = 3
",(= (+ (-1) (* (2) (x))) (3)),True,x = 2,(= (x) (2))
86,"(-1x + (-2)) = ((-3) + 4x)
",(= (+ (* (-1) (x)) (-2)) (+ (-3) (* (4) (x)))),True,x = 1/5,(= (x) (/ (1) (5)))
87,"(-1x+(-2))=(+4x)
",(= (+ (* (-1) (x)) (-2)) (+ (* (4)) (x))),True,x = -2/5,(= (x) (/ (-2) (5)))
88,"(-1x + 2) = ((-3) + 4x)
",(= (+ (* (-1) (x)) (2)) (+ (-3) (* (4) (x)))),True,x = 1,(= (x) (1))
89,"-1x=((-3)+4x)
",(= (* (-1) (x)) (+ (-3) (* (4) (x)))),True,x = 3/5,(= (x) (/ (3) (5)))
90,"((-1) + -2x) = (-3x + 4)
",(= (+ (-1) (* (-2) (x))) (+ (* (-3) (x)) (4))),True,x = 5,(= (x) (5))
91,"((-1) - 2x) = (-3)
",(= (- (-1) (* (2) (x))) (-3)),True,x = 1,(= (x) (1))
92,"(-1) = (-2x / (-3))
",(= (-1) (/ (* (-2) (x)) (-3))),True,x = -3/2,(= (x) (/ (-3) (2)))
93,"1x = (((2 - 3x) - 4) + 5x)
",(= (* (1) (x)) (+ (- (- (2) (* (3) (x))) (4)) (* (5) (x)))),True,x = 2,(= (x) (2))
94,"(((-1) / x) + (-2)) = (-3)
",(= (+ (/ (-1) (x)) (-2)) (-3)),True,x = 1,(= (x) (1))
95,"(1x + (-2)) = ((-3) + -4x)
",(= (+ (* (1) (x)) (-2)) (+ (-3) (* (-4) (x)))),True,x = -1/5,(= (x) (/ (-1) (5)))
96,"1x = (-2x - 3)
",(= (* (1) (x)) (- (* (-2) (x)) (3))),True,x = -1,(= (x) (-1))
97,"1x=(-3)
",(= (* (1) (x)) (-3)),True,x = -3,(= (x) (-3))
98,"((1 + 2x) + 3x) = ((-4x + (-5)) + 6x)
",(= (+ (+ (1) (* (2) (x))) (* (3) (x))) (+ (+ (* (-4) (x)) (-5)) (* (6) (x)))),True,x = -2,(= (x) (-2))
99,"((1 - (2 / x)) - 3) = (4 - 5)
",(= (- (- (1) (/ (2) (x))) (3)) (- (4) (5))),True,x = -2,(= (x) (-2))
100,"(1 + -2x) = ((-3) + 4x)
",(= (+ (1) (* (-2) (x))) (+ (-3) (* (4) (x)))),True,x = 2/3,(= (x) (/ (2) (3)))
101,"(1 + -2x) = (-3)
",(= (+ (1) (* (-2) (x))) (-3)),True,x = 2,(= (x) (2))
102,"(-1x + 2) = (3 + -4x)
",(= (+ (* (-1) (x)) (2)) (+ (3) (* (-4) (x)))),True,x = 1/3,(= (x) (/ (1) (3)))
103,"(+2)=(3+-4x)
",(= (+ (2)) (+ (3) (* (-4) (x)))),True,x = 1/4,(= (x) (/ (1) (4)))
104,"1 = (2x + (-3))
",(= (1) (+ (* (2) (x)) (-3))),True,x = 2,(= (x) (2))
105,"1 = ((2 / x) + (-3))
",(= (1) (+ (/ (2) (x)) (-3))),True,x = 1/2,(= (x) (/ (1) (2)))
106,"(-1x + 2) = (3x + 4)
",(= (+ (* (-1) (x)) (2)) (+ (* (3) (x)) (4))),True,x = -1/2,(= (x) (/ (-1) (2)))
107,"-1x=(3x+4)
",(= (* (-1) (x)) (+ (* (3) (x)) (4))),True,x = -1,(= (x) (-1))
108,"(1x - -2x) = (-3)
",(= (- (* (1) (x)) (* (-2) (x))) (-3)),True,x = -1,(= (x) (-1))
109,"(-1x + 2) = 3
",(= (+ (* (-1) (x)) (2)) (3)),True,x = -1,(= (x) (-1))
110,"(1 + -2x) = (3 + 4x)
",(= (+ (1) (* (-2) (x))) (+ (3) (* (4) (x)))),True,x = -1/3,(= (x) (/ (-1) (3)))
111,(1+-2x)=3,(= (+ (1) (* (-2) (x))) (3)),True,x = -1,(= (x) (-1))
112,"(-1) = ((2x + 3x) - 4)
",(= (-1) (- (+ (* (2) (x)) (* (3) (x))) (4))),True,x = 3/5,(= (x) (/ (3) (5)))
113,"((-1x - 2) - 3x) = (-4)
",(= (- (- (* (-1) (x)) (2)) (* (3) (x))) (-4)),True,x = 1/2,(= (x) (/ (1) (2)))
114,"((1 + 2x) - 3) = -4x
",(= (- (+ (1) (* (2) (x))) (3)) (* (-4) (x))),True,x = 1/3,(= (x) (/ (1) (3)))
115,"-1x = ((2 / x) * x)
",(= (* (-1) (x)) (* (/ (2) (x)) (x))),True,x = -2,(= (x) (-2))
116,"((-1) - 2) = (3x - 4x)
",(= (- (-1) (2)) (- (* (3) (x)) (* (4) (x)))),True,x = 3,(= (x) (3))
117,"1 = (((-2) / x) + 3)
",(= (1) (+ (/ (-2) (x)) (3))),True,x = 1,(= (x) (1))
118,"(1 - 2) = 3x
",(= (- (1) (2)) (* (3) (x))),True,x = -1/3,(= (x) (/ (-1) (3)))
119,"1=3x
",(= (1) (* (3) (x))),True,x = 1/3,(= (x) (/ (1) (3)))
120,"(1x + 2) = ((-3) + 4x)
",(= (+ (* (1) (x)) (2)) (+ (-3) (* (4) (x)))),True,x = 5/3,(= (x) (/ (5) (3)))
121,"1x=((-3)+4x)
",(= (* (1) (x)) (+ (-3) (* (4) (x)))),True,x = 1,(= (x) (1))
122,"(-1x + 2) = ((-3) + -4x)
",(= (+ (* (-1) (x)) (2)) (+ (-3) (* (-4) (x)))),True,x = -5/3,(= (x) (/ (-5) (3)))
123,"-1x=((-3)+-4x)
",(= (* (-1) (x)) (+ (-3) (* (-4) (x)))),True,x = -1,(= (x) (-1))
124,"((-1) + 2) = 3x
",(= (+ (-1) (2)) (* (3) (x))),True,x = 1/3,(= (x) (/ (1) (3)))
125,"(+2)=3x
",(= (+ (2)) (* (3) (x))),True,x = 2/3,(= (x) (/ (2) (3)))
126,"((-1) + -2x) = (3 + 4x)
",(= (+ (-1) (* (-2) (x))) (+ (3) (* (4) (x)))),True,x = -2/3,(= (x) (/ (-2) (3)))
127,"((-1) + 2x) = ((-3) + 4x)
",(= (+ (-1) (* (2) (x))) (+ (-3) (* (4) (x)))),True,x = 1,(= (x) (1))
128,"((-1)+2x)=(+4x)
",(= (+ (-1) (* (2) (x))) (+ (* (4)) (x))),True,x = -1/2,(= (x) (/ (-1) (2)))
129,"(1 + 2x) = 3
",(= (+ (1) (* (2) (x))) (3)),True,x = 1,(= (x) (1))
130,"(((-1) / x) * x) = 2x
",(= (* (/ (-1) (x)) (x)) (* (2) (x))),True,x = -1/2,(= (x) (/ (-1) (2)))
131,"((-1) + 2x) = (-3)
",(= (+ (-1) (* (2) (x))) (-3)),True,x = -1,(= (x) (-1))
132,"(1 + 2x) = (-3x + 4)
",(= (+ (1) (* (2) (x))) (+ (* (-3) (x)) (4))),True,x = 3/5,(= (x) (/ (3) (5)))
133,(1+2x)=-3x,(= (+ (1) (* (2) (x))) (* (-3) (x))),True,x = -1/5,(= (x) (/ (-1) (5)))
134,"((-1) - 2) = (((3 / x) + 4) - 5)
",(= (- (-1) (2)) (- (+ (/ (3) (x)) (4)) (5))),True,x = -3/2,(= (x) (/ (-3) (2)))
135,"-1x = ((-2) + x)
",(= (* (-1) (x)) (+ (-2) (x))),True,x = 1,(= (x) (1))
136,-1x=(-2),(= (* (-1) (x)) (-2)),True,x = 2,(= (x) (2))
137,"(-1x + 2) = 3x
",(= (+ (* (-1) (x)) (2)) (* (3) (x))),True,x = 1/2,(= (x) (/ (1) (2)))
138,"-1x=3x
",(= (* (-1) (x)) (* (3) (x))),True,x = 0,(= (x) (0))
139,"1 = (2 + 3x)
",(= (1) (+ (2) (* (3) (x)))),True,x = -1/3,(= (x) (/ (-1) (3)))
140,"(1x - 2) = ((-3) + 4x)
",(= (- (* (1) (x)) (2)) (+ (-3) (* (4) (x)))),True,x = 1/3,(= (x) (/ (1) (3)))
141,"1x=((-3)+4x)
",(= (* (1) (x)) (+ (-3) (* (4) (x)))),True,x = 1,(= (x) (1))
142,"-1x = (((-2) + 3x) + 4)
",(= (* (-1) (x)) (+ (+ (-2) (* (3) (x))) (4))),True,x = -1/2,(= (x) (/ (-1) (2)))
143,"(-1) = ((-2) + 3x)
",(= (-1) (+ (-2) (* (3) (x)))),True,x = 1/3,(= (x) (/ (1) (3)))
144,"(-1) = ((2 / x) + (-3))
",(= (-1) (+ (/ (2) (x)) (-3))),True,x = 1,(= (x) (1))
145,"(1x + 2) = (-3x + (-4))
",(= (+ (* (1) (x)) (2)) (+ (* (-3) (x)) (-4))),True,x = -3/2,(= (x) (/ (-3) (2)))
146,"1 = (2x / 3)
",(= (1) (/ (* (2) (x)) (3))),True,x = 3/2,(= (x) (/ (3) (2)))
147,1=2x,(= (1) (* (2) (x))),True,x = 1/2,(= (x) (/ (1) (2)))
148,"(-1x + 2) = (3 + 4x)
",(= (+ (* (-1) (x)) (2)) (+ (3) (* (4) (x)))),True,x = -1/5,(= (x) (/ (-1) (5)))
149,(-1x+2)=3,(= (+ (* (-1) (x)) (2)) (3)),True,x = -1,(= (x) (-1))
150,"1 = (2x - 3x)
",(= (1) (- (* (2) (x)) (* (3) (x)))),True,x = -1,(= (x) (-1))
151,1=2x,(= (1) (* (2) (x))),True,x = 1/2,(= (x) (/ (1) (2)))
152,"1 = ((-2) + ((-3) / x))
",(= (1) (+ (-2) (/ (-3) (x)))),True,x = -1,(= (x) (-1))
153,"(1 - 2x) = -3x
",(= (- (1) (* (2) (x))) (* (-3) (x))),True,x = -1,(= (x) (-1))
154,"1=-3x
",(= (1) (* (-3) (x))),True,x = -1/3,(= (x) (/ (-1) (3)))
155,"(1 + ((-2) / x)) = (-3)
",(= (+ (1) (/ (-2) (x))) (-3)),True,x = 1/2,(= (x) (/ (1) (2)))
156,"(-1) = ((-2) + -3x)
",(= (-1) (+ (-2) (* (-3) (x)))),True,x = -1/3,(= (x) (/ (-1) (3)))
157,"(1 + (2 / x)) = 3
",(= (+ (1) (/ (2) (x))) (3)),True,x = 1,(= (x) (1))
158,"((-1) + 2x) = (3 + 4x)
",(= (+ (-1) (* (2) (x))) (+ (3) (* (4) (x)))),True,x = -2,(= (x) (-2))
159,((-1)+2x)=3,(= (+ (-1) (* (2) (x))) (3)),True,x = 2,(= (x) (2))
160,"((1 + 2x) + 3) = 4x
",(= (+ (+ (1) (* (2) (x))) (3)) (* (4) (x))),True,x = 2,(= (x) (2))
161,"(1+2x)=4x
",(= (+ (1) (* (2) (x))) (* (4) (x))),True,x = 1/2,(= (x) (/ (1) (2)))
162,"(1 + 2x) = (3 + 4x)
",(= (+ (1) (* (2) (x))) (+ (3) (* (4) (x)))),True,x = -1,(= (x) (-1))
163,"1=(3+4x)
",(= (1) (+ (3) (* (4) (x)))),True,x = -1/2,(= (x) (/ (-1) (2)))
164,"1x = ((-2) - 3x)
",(= (* (1) (x)) (- (-2) (* (3) (x)))),True,x = -1/2,(= (x) (/ (-1) (2)))
165,"1x=(-3x)
",(= (* (1) (x)) (* (-3) (x))),True,x = 0,(= (x) (0))
166,"(1x + 2) = (3x + 4)
",(= (+ (* (1) (x)) (2)) (+ (* (3) (x)) (4))),True,x = -1,(= (x) (-1))
167,"1x=(3x+4)
",(= (* (1) (x)) (+ (* (3) (x)) (4))),True,x = -2,(= (x) (-2))
168,"(((-1) - 2x) + 3) = -4x
",(= (+ (- (-1) (* (2) (x))) (3)) (* (-4) (x))),True,x = -1,(= (x) (-1))
169,"((-1x + 2) - 3x) = (((-4) + 5x) - 6x)
",(= (- (+ (* (-1) (x)) (2)) (* (3) (x))) (- (+ (-4) (* (5) (x))) (* (6) (x)))),True,x = 2,(= (x) (2))
170,"(1x + 2) = ((-3) + -4x)
",(= (+ (* (1) (x)) (2)) (+ (-3) (* (-4) (x)))),True,x = -1,(= (x) (-1))
171,"((-1) + 2x) = ((-3) + -4x)
",(= (+ (-1) (* (2) (x))) (+ (-3) (* (-4) (x)))),True,x = -1/3,(= (x) (/ (-1) (3)))
172,"(-1)=((-3)+-4x)
",(= (-1) (+ (-3) (* (-4) (x)))),True,x = -1/2,(= (x) (/ (-1) (2)))
173,"((1 / x) + (-2)) = (-3)
",(= (+ (/ (1) (x)) (-2)) (-3)),True,x = -1,(= (x) (-1))
174,"(1x / 2) = (3 / 4)
",(= (/ (* (1) (x)) (2)) (/ (3) (4))),True,x = 3/2,(= (x) (/ (3) (2)))
175,"1x=(3/4)
",(= (* (1) (x)) (/ (3) (4))),True,x = 3/4,(= (x) (/ (3) (4)))
176,"((-1) - 2x) = -3x
",(= (- (-1) (* (2) (x))) (* (-3) (x))),True,x = 1,(= (x) (1))
177,"(-2x)=-3x
",(= (* (-2) (x)) (* (-3) (x))),True,x = 0,(= (x) (0))
178,"(1x + 2) = (-3x + 4)
",(= (+ (* (1) (x)) (2)) (+ (* (-3) (x)) (4))),True,x = 1/2,(= (x) (/ (1) (2)))
179,(1x+2)=-3x,(= (+ (* (1) (x)) (2)) (* (-3) (x))),True,x = -1/2,(= (x) (/ (-1) (2)))
180,"((-1) + ((-2) / x)) = (-3)
",(= (+ (-1) (/ (-2) (x))) (-3)),True,x = 1,(= (x) (1))
181,"((1 + 2x) - 3) = 4x
",(= (- (+ (1) (* (2) (x))) (3)) (* (4) (x))),True,x = -1,(= (x) (-1))
182,"(1+2x)=4x
",(= (+ (1) (* (2) (x))) (* (4) (x))),True,x = 1/2,(= (x) (/ (1) (2)))
183,"((-1) + -2x) = (3x + (-4))
",(= (+ (-1) (* (-2) (x))) (+ (* (3) (x)) (-4))),True,x = 3/5,(= (x) (/ (3) (5)))
184,"(((-1) + 2x) + 3x) = ((4 + -5x) + 6x)
",(= (+ (+ (-1) (* (2) (x))) (* (3) (x))) (+ (+ (4) (* (-5) (x))) (* (6) (x)))),True,x = 5/4,(= (x) (/ (5) (4)))
185,(((-1)+2x)+3x)=(4+-5x),(= (+ (+ (-1) (* (2) (x))) (* (3) (x))) (+ (4) (* (-5) (x)))),True,x = 1/2,(= (x) (/ (1) (2)))
186,"(-1x / (-2)) = (3 / (-4))
",(= (/ (* (-1) (x)) (-2)) (/ (3) (-4))),True,x = -3/2,(= (x) (/ (-3) (2)))
187,"(-1) = (-2x + 3)
",(= (-1) (+ (* (-2) (x)) (3))),True,x = 2,(= (x) (2))
188,(-1)=-2x,(= (-1) (* (-2) (x))),True,x = 1/2,(= (x) (/ (1) (2)))
189,"(1 + 2x) = ((-3) + 4x)
",(= (+ (1) (* (2) (x))) (+ (-3) (* (4) (x)))),True,x = 2,(= (x) (2))
190,(1+2x)=(-3),(= (+ (1) (* (2) (x))) (-3)),True,x = -2,(= (x) (-2))
191,"(1 + 2x) = (3 + -4x)
",(= (+ (1) (* (2) (x))) (+ (3) (* (-4) (x)))),True,x = 1/3,(= (x) (/ (1) (3)))
192,"(-1) = (((-2) / x) + 3)
",(= (-1) (+ (/ (-2) (x)) (3))),True,x = 1/2,(= (x) (/ (1) (2)))
193,"-1x = (2x - 3)
",(= (* (-1) (x)) (- (* (2) (x)) (3))),True,x = 1,(= (x) (1))
194,"((1 + -2x) + 3x) = ((-4x + 5) + 6x)
",(= (+ (+ (1) (* (-2) (x))) (* (3) (x))) (+ (+ (* (-4) (x)) (5)) (* (6) (x)))),True,x = -4,(= (x) (-4))
195,"(1+-2x)=((-4x+5)+6x)
",(= (+ (1) (* (-2) (x))) (+ (+ (* (-4) (x)) (5)) (* (6) (x)))),True,x = -1,(= (x) (-1))
196,"((-1) + -2x) = (3x + 4)
",(= (+ (-1) (* (-2) (x))) (+ (* (3) (x)) (4))),True,x = -1,(= (x) (-1))
197,"(+-2x)=(3x+4)
",(= (+ (* (-2)) (x)) (+ (* (3) (x)) (4))),True,x = -4/5,(= (x) (/ (-4) (5)))
198,"(1x + (-2)) = (3x + (-4))
",(= (+ (* (1) (x)) (-2)) (+ (* (3) (x)) (-4))),True,x = 1,(= (x) (1))
199,"1 = (2 + ((-3) / x))
",(= (1) (+ (2) (/ (-3) (x)))),True,x = 3,(= (x) (3))
200,"((1 / x) + (-2)) = 3
",(= (+ (/ (1) (x)) (-2)) (3)),True,x = 1/5,(= (x) (/ (1) (5)))
201,"(-1x - 2) = (3 - 4x)
",(= (- (* (-1) (x)) (2)) (- (3) (* (4) (x)))),True,x = 5/3,(= (x) (/ (5) (3)))
202,"-1x = ((2 + -3x) - 4)
",(= (* (-1) (x)) (- (+ (2) (* (-3) (x))) (4))),True,x = -1,(= (x) (-1))
203,"-1x=(2+-4)
",(= (* (-1) (x)) (+ (2) (-4))),True,x = 2,(= (x) (2))
204,"1 = (-2x + (-3))
",(= (1) (+ (* (-2) (x)) (-3))),True,x = -2,(= (x) (-2))
205,"(1 - 2) = (-3x - 4x)
",(= (- (1) (2)) (- (* (-3) (x)) (* (4) (x)))),True,x = 1/7,(= (x) (/ (1) (7)))
206,"((-1) - 2) = -3x
",(= (- (-1) (2)) (* (-3) (x))),True,x = 1,(= (x) (1))
207,"(-2)=-3x
",(= (-2) (* (-3) (x))),True,x = 2/3,(= (x) (/ (2) (3)))
208,"1 = (-2x + 3)
",(= (1) (+ (* (-2) (x)) (3))),True,x = 1,(= (x) (1))
209,"(-1) = (2x + 3)
",(= (-1) (+ (* (2) (x)) (3))),True,x = -2,(= (x) (-2))
210,"1 = 2x
",(= (1) (* (2) (x))),True,x = 1/2,(= (x) (/ (1) (2)))
211,"1=2x
",(= (1) (* (2) (x))),True,x = 1/2,(= (x) (/ (1) (2)))
212,"(1 - 2) = -3x
",(= (- (1) (2)) (* (-3) (x))),True,x = 1/3,(= (x) (/ (1) (3)))
213,"1=-3x
",(= (1) (* (-3) (x))),True,x = -1/3,(= (x) (/ (-1) (3)))
214,"(1 + 2x) = -3x
",(= (+ (1) (* (2) (x))) (* (-3) (x))),True,x = -1/5,(= (x) (/ (-1) (5)))
215,"(1x - 2) = 3x
",(= (- (* (1) (x)) (2)) (* (3) (x))),True,x = -1,(= (x) (-1))
216,"1x=3x
",(= (* (1) (x)) (* (3) (x))),True,x = 0,(= (x) (0))
217,"(1x / x) = 2x
",(= (/ (* (1) (x)) (x)) (* (2) (x))),True,x = 1/2,(= (x) (/ (1) (2)))
218,"1x=2x
",(= (* (1) (x)) (* (2) (x))),True,x = 0,(= (x) (0))
219,"(-1x + (-2)) = (3x + 4)
",(= (+ (* (-1) (x)) (-2)) (+ (* (3) (x)) (4))),True,x = -3/2,(= (x) (/ (-3) (2)))
220,"((1x - 2) + 3) = 4x
",(= (+ (- (* (1) (x)) (2)) (3)) (* (4) (x))),True,x = 1/3,(= (x) (/ (1) (3)))
221,"(-1) = ((2x + 3) + 4x)
",(= (-1) (+ (+ (* (2) (x)) (3)) (* (4) (x)))),True,x = -2/3,(= (x) (/ (-2) (3)))
222,(-1)=(2x+3),(= (-1) (+ (* (2) (x)) (3))),True,x = -2,(= (x) (-2))
223,"(1x + 2) = (3x + (-4))
",(= (+ (* (1) (x)) (2)) (+ (* (3) (x)) (-4))),True,x = 3,(= (x) (3))
224,"(1 + -2x) = (3x + 4)
",(= (+ (1) (* (-2) (x))) (+ (* (3) (x)) (4))),True,x = -3/5,(= (x) (/ (-3) (5)))
225,(1+-2x)=3x,(= (+ (1) (* (-2) (x))) (* (3) (x))),True,x = 1/5,(= (x) (/ (1) (5)))
226,"(((-1) + 2x) + 3) = ((4 + 5x) + 6)
",(= (+ (+ (-1) (* (2) (x))) (3)) (+ (+ (4) (* (5) (x))) (6))),True,x = -8/3,(= (x) (/ (-8) (3)))
227,"((-1)+2x)=((4+5x)+6)
",(= (+ (-1) (* (2) (x))) (+ (+ (4) (* (5) (x))) (6))),True,x = -11/3,(= (x) (/ (-1) (1) (3)))
228,"((-1) / x) = ((-2) - 3)
",(= (/ (-1) (x)) (- (-2) (3))),True,x = 1/5,(= (x) (/ (1) (5)))
229,"((-1x + (-2)) - 3) = 4x
",(= (- (+ (* (-1) (x)) (-2)) (3)) (* (4) (x))),True,x = -1,(= (x) (-1))
230,"((-1) + -2x) = ((-3) + 4x)
",(= (+ (-1) (* (-2) (x))) (+ (-3) (* (4) (x)))),True,x = 1/3,(= (x) (/ (1) (3)))
231,"(+-2x)=((-3)+4x)
",(= (+ (* (-2)) (x)) (+ (-3) (* (4) (x)))),True,x = 1/2,(= (x) (/ (1) (2)))
232,"(-1) = (-2x + (-3))
",(= (-1) (+ (* (-2) (x)) (-3))),True,x = -1,(= (x) (-1))
233,"(-1x + (-2)) = 3
",(= (+ (* (-1) (x)) (-2)) (3)),True,x = -5,(= (x) (-5))
234,"(1x + 2) = (3 + 4x)
",(= (+ (* (1) (x)) (2)) (+ (3) (* (4) (x)))),True,x = -1/3,(= (x) (/ (-1) (3)))
235,(1x+2)=3,(= (+ (* (1) (x)) (2)) (3)),True,x = 1,(= (x) (1))
236,"((1x + 2) + 3x) = 4
",(= (+ (+ (* (1) (x)) (2)) (* (3) (x))) (4)),True,x = 1/2,(= (x) (/ (1) (2)))
237,"(1x+2)=4
",(= (+ (* (1) (x)) (2)) (4)),True,x = 2,(= (x) (2))
238,"(-1x + 2) = (-3x - 4)
",(= (+ (* (-1) (x)) (2)) (- (* (-3) (x)) (4))),True,x = -3,(= (x) (-3))
239,"1 = ((-2x + 3) + 4x)
",(= (1) (+ (+ (* (-2) (x)) (3)) (* (4) (x)))),True,x = -1,(= (x) (-1))
240,"1=((+3)+4x)
",(= (1) (+ (+ (3)) (* (4) (x)))),True,x = -1/2,(= (x) (/ (-1) (2)))
241,"(1 + -2x) = (-3x + 4)
",(= (+ (1) (* (-2) (x))) (+ (* (-3) (x)) (4))),True,x = 3,(= (x) (3))
242,"(1+-2x)=(+4)
",(= (+ (1) (* (-2) (x))) (+ (4))),True,x = -3/2,(= (x) (/ (-3) (2)))
243,"(((-1) / x) + 2) = (-3)
",(= (+ (/ (-1) (x)) (2)) (-3)),True,x = 1/5,(= (x) (/ (1) (5)))
244,"(-1) = (((-2) / x) + (-3))
",(= (-1) (+ (/ (-2) (x)) (-3))),True,x = -1,(= (x) (-1))
245,"(1 + 2x) = (-3x + (-4))
",(= (+ (1) (* (2) (x))) (+ (* (-3) (x)) (-4))),True,x = -1,(= (x) (-1))
246,"(1+2x)=(+(-4))
",(= (+ (1) (* (2) (x))) (+ (-4))),True,x = -5/2,(= (x) (/ (-5) (2)))
247,"(-1) = (2x - 3)
",(= (-1) (- (* (2) (x)) (3))),True,x = 1,(= (x) (1))
248,"-1x = ((-2x + 3) + 4)
",(= (* (-1) (x)) (+ (+ (* (-2) (x)) (3)) (4))),True,x = 7,(= (x) (7))
249,"-1x=(-2x+4)
",(= (* (-1) (x)) (+ (* (-2) (x)) (4))),True,x = 4,(= (x) (4))
250,"((1 - 2x) - 3) = ((4 + 5x) - 6)
",(= (- (- (1) (* (2) (x))) (3)) (- (+ (4) (* (5) (x))) (6))),True,x = 0,(= (x) (0))
251,"(1x + (-2)) = (3 + 4x)
",(= (+ (* (1) (x)) (-2)) (+ (3) (* (4) (x)))),True,x = -5/3,(= (x) (/ (-5) (3)))
252,"(((-1) + 2x) + 3) = (4 + 5)
",(= (+ (+ (-1) (* (2) (x))) (3)) (+ (4) (5))),True,x = 7/2,(= (x) (/ (7) (2)))
253,"((-1x + 2) + 3x) = (((-4) - 5x) + 6x)
",(= (+ (+ (* (-1) (x)) (2)) (* (3) (x))) (+ (- (-4) (* (5) (x))) (* (6) (x)))),True,x = -6,(= (x) (-6))
254,"(-1) = (-2x - 3)
",(= (-1) (- (* (-2) (x)) (3))),True,x = -1,(= (x) (-1))
255,"((1x + 2) - 3x) = (4x - 5x)
",(= (- (+ (* (1) (x)) (2)) (* (3) (x))) (- (* (4) (x)) (* (5) (x)))),True,x = 2,(= (x) (2))
256,"(-1) = (2 + -3x)
",(= (-1) (+ (2) (* (-3) (x)))),True,x = 1,(= (x) (1))
257,"1x = (2 + 3x)
",(= (* (1) (x)) (+ (2) (* (3) (x)))),True,x = -1,(= (x) (-1))
258,1x=2,(= (* (1) (x)) (2)),True,x = 2,(= (x) (2))
259,"((-1) + 2x) = (3x + 4)
",(= (+ (-1) (* (2) (x))) (+ (* (3) (x)) (4))),True,x = -5,(= (x) (-5))
260,((-1)+2x)=3x,(= (+ (-1) (* (2) (x))) (* (3) (x))),True,x = -1,(= (x) (-1))
261,"(-1x + (-2)) = (3 + 4x)
",(= (+ (* (-1) (x)) (-2)) (+ (3) (* (4) (x)))),True,x = -1,(= (x) (-1))
262,"(-1) = ((2x - 3) + 4x)
",(= (-1) (+ (- (* (2) (x)) (3)) (* (4) (x)))),True,x = 1/3,(= (x) (/ (1) (3)))
263,"(-1)=(2x+4x)
",(= (-1) (+ (* (2) (x)) (* (4) (x)))),True,x = -1/6,(= (x) (/ (-1) (6)))
264,"1 = (2 - (3 / x))
",(= (1) (- (2) (/ (3) (x)))),True,x = 3,(= (x) (3))
265,"(1 + 2x) = (3x + (-4))
",(= (+ (1) (* (2) (x))) (+ (* (3) (x)) (-4))),True,x = 5,(= (x) (5))
266,"((-1x - 2) + 3x) = 4
",(= (+ (- (* (-1) (x)) (2)) (* (3) (x))) (4)),True,x = 3,(= (x) (3))
267,"(-1x+3x)=4
",(= (+ (* (-1) (x)) (* (3) (x))) (4)),True,x = 2,(= (x) (2))
268,"(1 + -2x) = (3x + (-4))
",(= (+ (1) (* (-2) (x))) (+ (* (3) (x)) (-4))),True,x = 1,(= (x) (1))
269,"1 = ((-2) + 3x)
",(= (1) (+ (-2) (* (3) (x)))),True,x = 1,(= (x) (1))
270,"1=(+3x)
",(= (1) (+ (* (3)) (x))),True,x = 1/3,(= (x) (/ (1) (3)))
271,"(1 + 2x) = (-3)
",(= (+ (1) (* (2) (x))) (-3)),True,x = -2,(= (x) (-2))
272,"(1 + (2 / x)) = (-3)
",(= (+ (1) (/ (2) (x))) (-3)),True,x = -1/2,(= (x) (/ (-1) (2)))
273,"((-1) - 2x) = (-3x - 4)
",(= (- (-1) (* (2) (x))) (- (* (-3) (x)) (4))),True,x = -3,(= (x) (-3))
274,"((-1) + ((-2) / x)) = 3
",(= (+ (-1) (/ (-2) (x))) (3)),True,x = -1/2,(= (x) (/ (-1) (2)))
275,"((-1) + (2 / x)) = (-3)
",(= (+ (-1) (/ (2) (x))) (-3)),True,x = -1,(= (x) (-1))
276,"(+(2/x))=(-3)
",(= (+ (/ (2)) (x)) (-3)),True,x = -2/3,(= (x) (/ (-2) (3)))
277,"1 = (2 + -3x)
",(= (1) (+ (2) (* (-3) (x)))),True,x = 1/3,(= (x) (/ (1) (3)))
278,"((-1) - 2x) = ((-3) - 4x)
",(= (- (-1) (* (2) (x))) (- (-3) (* (4) (x)))),True,x = -1,(= (x) (-1))
279,"(-1x + (-2)) = (3x + (-4))
",(= (+ (* (-1) (x)) (-2)) (+ (* (3) (x)) (-4))),True,x = 1/2,(= (x) (/ (1) (2)))
280,"(1 + ((-2) / x)) = 3
",(= (+ (1) (/ (-2) (x))) (3)),True,x = -1,(= (x) (-1))
281,"-1x = ((2x - 3) - 4)
",(= (* (-1) (x)) (- (- (* (2) (x)) (3)) (4))),True,x = 7/3,(= (x) (/ (7) (3)))
282,"((-1) + 2x) = (-3x - 4)
",(= (+ (-1) (* (2) (x))) (- (* (-3) (x)) (4))),True,x = -3/5,(= (x) (/ (-3) (5)))
283,"(-1x + (-2)) = (3 + -4x)
",(= (+ (* (-1) (x)) (-2)) (+ (3) (* (-4) (x)))),True,x = 5/3,(= (x) (/ (5) (3)))
284,"(-1) = (((-2) - 3x) + 4x)
",(= (-1) (+ (- (-2) (* (3) (x))) (* (4) (x)))),True,x = 1,(= (x) (1))
285,"(-1) = 2x
",(= (-1) (* (2) (x))),True,x = -1/2,(= (x) (/ (-1) (2)))
286,"(-1) = -2x
",(= (-1) (* (-2) (x))),True,x = 1/2,(= (x) (/ (1) (2)))
287,"-1x = (((-2) + -3x) - 4)
",(= (* (-1) (x)) (- (+ (-2) (* (-3) (x))) (4))),True,x = -3,(= (x) (-3))
288,"(((1 / x) - 2) * x) = -3x
",(= (* (- (/ (1) (x)) (2)) (x)) (* (-3) (x))),True,x = -1,(= (x) (-1))
289,"(-1) = (2 + (3 / x))
",(= (-1) (+ (2) (/ (3) (x)))),True,x = -1,(= (x) (-1))
290,"((1 + 2x) + 3x) = 4
",(= (+ (+ (1) (* (2) (x))) (* (3) (x))) (4)),True,x = 3/5,(= (x) (/ (3) (5)))
291,"(1+3x)=4
",(= (+ (1) (* (3) (x))) (4)),True,x = 1,(= (x) (1))
292,"(1 + 2x) = ((-3) + -4x)
",(= (+ (1) (* (2) (x))) (+ (-3) (* (-4) (x)))),True,x = -2/3,(= (x) (/ (-2) (3)))
293,"1x = (-2x + 3)
",(= (* (1) (x)) (+ (* (-2) (x)) (3))),True,x = 1,(= (x) (1))
294,"1x=(+3)
",(= (* (1) (x)) (+ (3))),True,x = 3,(= (x) (3))
295,"(1x + 2) = (3 + -4x)
",(= (+ (* (1) (x)) (2)) (+ (3) (* (-4) (x)))),True,x = 1/5,(= (x) (/ (1) (5)))
296,"1x=(3+-4x)
",(= (* (1) (x)) (+ (3) (* (-4) (x)))),True,x = 3/5,(= (x) (/ (3) (5)))
297,"(-1x + 2) = (-3x + (-4))
",(= (+ (* (-1) (x)) (2)) (+ (* (-3) (x)) (-4))),True,x = -3,(= (x) (-3))
298,"(1 / x) = ((-2) - 3)
",(= (/ (1) (x)) (- (-2) (3))),True,x = -1/5,(= (x) (/ (-1) (5)))
299,(1/x)=(-2),(= (/ (1) (x)) (-2)),True,x = -1/2,(= (x) (/ (-1) (2)))
300,"(-1x - 2x) = ((-3) + 4)
",(= (- (* (-1) (x)) (* (2) (x))) (+ (-3) (4))),True,x = -1/3,(= (x) (/ (-1) (3)))
301,"-1x=((-3)+4)
",(= (* (-1) (x)) (+ (-3) (4))),True,x = -1,(= (x) (-1))
302,"((-1x + 2) + 3) = -4x
",(= (+ (+ (* (-1) (x)) (2)) (3)) (* (-4) (x))),True,x = -5/3,(= (x) (/ (-5) (3)))
303,"(-1x+2)=-4x
",(= (+ (* (-1) (x)) (2)) (* (-4) (x))),True,x = -2/3,(= (x) (/ (-2) (3)))
304,"(1 + -2x) = (3 + -4x)
",(= (+ (1) (* (-2) (x))) (+ (3) (* (-4) (x)))),True,x = 1,(= (x) (1))
305,"-1x = ((-2) + 3x)
",(= (* (-1) (x)) (+ (-2) (* (3) (x)))),True,x = 1/2,(= (x) (/ (1) (2)))
306,"((-1) + 2x) = (3 + -4x)
",(= (+ (-1) (* (2) (x))) (+ (3) (* (-4) (x)))),True,x = 2/3,(= (x) (/ (2) (3)))
307,"(1x + (-2)) = (3x + 4)
",(= (+ (* (1) (x)) (-2)) (+ (* (3) (x)) (4))),True,x = -3,(= (x) (-3))
308,"(-1x + (-2)) = (-3x + 4)
",(= (+ (* (-1) (x)) (-2)) (+ (* (-3) (x)) (4))),True,x = 3,(= (x) (3))
309,"(1 / x) = (-2)
",(= (/ (1) (x)) (-2)),True,x = -1/2,(= (x) (/ (-1) (2)))
310,"((-1) + -2x) = 3
",(= (+ (-1) (* (-2) (x))) (3)),True,x = -2,(= (x) (-2))
311,"((-1) - 2) = ((-3x + 4) - 5)
",(= (- (-1) (2)) (- (+ (* (-3) (x)) (4)) (5))),True,x = 2/3,(= (x) (/ (2) (3)))
312,"(-1x - 2) = 3x
",(= (- (* (-1) (x)) (2)) (* (3) (x))),True,x = -1/2,(= (x) (/ (-1) (2)))
313,"(-2)=3x
",(= (-2) (* (3) (x))),True,x = -2/3,(= (x) (/ (-2) (3)))
314,"1 = ((2 / x) + 3)
",(= (1) (+ (/ (2) (x)) (3))),True,x = -1,(= (x) (-1))
315,1=(2/x),(= (1) (/ (2) (x))),True,x = 2,(= (x) (2))
316,"(1x - 2) = (3x - 4)
",(= (- (* (1) (x)) (2)) (- (* (3) (x)) (4))),True,x = 1,(= (x) (1))
317,"(-1) = (2x + (-3))
",(= (-1) (+ (* (2) (x)) (-3))),True,x = 1,(= (x) (1))
318,"(((-1) - 2x) - 3) = 4x
",(= (- (- (-1) (* (2) (x))) (3)) (* (4) (x))),True,x = -2/3,(= (x) (/ (-2) (3)))
319,"(((1 / x) * x) + 2x) = 3x
",(= (+ (* (/ (1) (x)) (x)) (* (2) (x))) (* (3) (x))),True,x = 1,(= (x) (1))
320,"((1/x)*x)=3x
",(= (* (/ (1) (x)) (x)) (* (3) (x))),True,x = 1/3,(= (x) (/ (1) (3)))
321,"(((-1) - 2x) + 3x) = 4
",(= (+ (- (-1) (* (2) (x))) (* (3) (x))) (4)),True,x = 5,(= (x) (5))
322,"(-1x + 2) = ((-3) - 4x)
",(= (+ (* (-1) (x)) (2)) (- (-3) (* (4) (x)))),True,x = -5/3,(= (x) (/ (-5) (3)))
323,"((-1) / x) = 2
",(= (/ (-1) (x)) (2)),True,x = -1/2,(= (x) (/ (-1) (2)))
324,"((-1x - 2) - 3x) = 4
",(= (- (- (* (-1) (x)) (2)) (* (3) (x))) (4)),True,x = -3/2,(= (x) (/ (-3) (2)))
325,"1x = (2x - 3)
",(= (* (1) (x)) (- (* (2) (x)) (3))),True,x = 3,(= (x) (3))
326,1x=2x,(= (* (1) (x)) (* (2) (x))),True,x = 0,(= (x) (0))
327,"((-1x - 1x) + 2) = (-3)
",(= (+ (- (* (-1) (x)) (* (1) (x))) (2)) (-3)),True,x = 5/2,(= (x) (/ (5) (2)))
328,"(-1x+2)=(-3)
",(= (+ (* (-1) (x)) (2)) (-3)),True,x = 5,(= (x) (5))
329,"(1x - -2x) = ((-3x + 4) - -5x)
",(= (- (* (1) (x)) (* (-2) (x))) (- (+ (* (-3) (x)) (4)) (* (-5) (x)))),True,x = 4,(= (x) (4))
330,"1x = ((2x - 3) - 4)
",(= (* (1) (x)) (- (- (* (2) (x)) (3)) (4))),True,x = 7,(= (x) (7))
331,"(1 - 2x) = (3x - 4)
",(= (- (1) (* (2) (x))) (- (* (3) (x)) (4))),True,x = 1,(= (x) (1))
332,"-1x = ((2 - 3x) + 4)
",(= (* (-1) (x)) (+ (- (2) (* (3) (x))) (4))),True,x = 3,(= (x) (3))
333,"-1x=(2+4)
",(= (* (-1) (x)) (+ (2) (4))),True,x = -6,(= (x) (-6))
334,"((-1) + 2x) = (-3x + 4)
",(= (+ (-1) (* (2) (x))) (+ (* (-3) (x)) (4))),True,x = 1,(= (x) (1))
335,((-1)+2x)=-3x,(= (+ (-1) (* (2) (x))) (* (-3) (x))),True,x = 1/5,(= (x) (/ (1) (5)))
